model,note,n_samples,accuracy,f1,precision,recall,tpr,tnr,fpr,fnr
XGB_No_SMOTE,,8999,0.913101455717302,0.7818080357142857,0.884469696969697,0.7005,0.7005,0.9738534076296613,0.02614659237033862,0.2995
XGB_SMOTE,outliers scored by XGB_No_SMOTE,8999,0.9144349372152462,0.7895024603608529,0.8709288299155609,0.722,0.722,0.9694242034576368,0.030575796542363195,0.278
XGB_Weighted,,8999,0.9118790976775197,0.7875703187784624,0.8482400461627236,0.735,0.735,0.9624232033147593,0.03757679668524075,0.265
XGB_QELM,,8999,0.907100788976553,0.759493670886076,0.8943089430894309,0.66,0.66,0.9777111015859409,0.022288898414059153,0.34
XGB_Fairlearn,,8999,0.9113234803867096,0.7912087912087912,0.8298572996706916,0.756,0.756,0.9557079582797543,0.04429204172024575,0.244
XGB_SMOTE_Fairlearn,outliers scored by XGB_Fairlearn,8999,0.907656406267363,0.7884958004581318,0.8030067392431312,0.7745,0.7745,0.9457065295042149,0.05429347049578511,0.2255
XGB_QELM_Fairlearn,,8999,0.9035448383153684,0.7692716640085061,0.8212258796821793,0.7235,0.7235,0.9549935705100728,0.045006429489927134,0.2765
NN_No_SMOTE,,8999,0.8939882209134348,0.7237984944991315,0.859697386519945,0.625,0.625,0.9708529789969995,0.02914702100300043,0.375
NN_SMOTE,outliers scored by NN_No_SMOTE,8999,0.8418713190354484,0.6775436211194199,0.6195607128056362,0.7475,0.7475,0.868838405486498,0.13116159451350193,0.2525
NN_QELM,,8999,0.889209912212468,0.7181227028555273,0.8262849707221861,0.635,0.635,0.9618516930990142,0.038148306900985855,0.365
NN_Fairlearn,,8999,0.8427603067007445,0.6647713811892917,0.6316974335884736,0.7015,0.7015,0.8831261608801257,0.11687383911987427,0.2985
NN_SMOTE_Fairlearn,outliers scored by NN_Fairlearn,8999,0.7603067007445272,0.5950816594706214,0.47640516982266307,0.7925,0.7925,0.7511073010430062,0.24889269895699387,0.2075
NN_QELM_Fairlearn,,8999,0.8193132570285587,0.6232622798887859,0.5807426597582038,0.6725,0.6725,0.8612658951278754,0.1387341048721246,0.3275
